{"cameraMode":{"drawMode":0,"name":"Shaded","section":"Shading Mode"},"sceneLighting":true,"audioPlay":false,"sceneViewState":{"m_AlwaysRefresh":false,"showFog":true,"showSkybox":true,"showFlares":true,"showImageEffects":true,"showParticleSystems":true,"showVisualEffectGraphs":true,"m_FxEnabled":true},"in2DMode":false,"pivot":{"x":523.4000244140625,"y":250.30621337890626,"z":-333.2521057128906},"rotation":{"x":0.0070047518238425259,"y":0.0007351432577706873,"z":0.0007067136466503143,"w":1.0007179975509644},"size":12.124360084533692,"orthographic":false}